Hour,Day,A1,A3,A5,A7,A9,Control,B2,B4,B6,B8,B10,C1,C3,C5,C7,C9,D2,D4,D6,D8,D10,E1,E3,E5,E7,E9,Control1_30cm,Control2_30cm
2,7/5/17,,,32.188,,,31.88,,,,,,,,,,,,,,,,,,,,,31.88,31.88
4,7/5/17,,,32.188,,,31.676,,,,,,,,,,,,,,,,,,,,,31.676,31.676
6,7/5/17,,,32.086,,,31.421,,,,,,,,,,,,,,,,,,,,,31.472,31.37
8,7/5/17,,,31.983,,,31.166,,,,,,,,,,,,,,,,,,,,,31.166,31.166
10,7/5/17,,,31.778,,,30.9125,,,,,,,,,,,,,,,,,,,,,30.963,30.862
12,7/5/17,,,31.676,,,30.7095,,,,,,,,,,,,,,,,,,,,,30.76,30.659
14,7/5/17,,,31.574,,,30.811,,,,,,,,,,,,,,,,,,,,,30.862,30.76
16,7/5/17,,,31.574,,,31.421,,,,,,,,,,,,,,,,,,,,,31.472,31.37
18,7/5/17,,,31.676,,,32.137,,,,,,,,,,,,,,,,,,,,,32.086,32.188
20,7/5/17,,,32.086,,,32.9625,,,,,,,,,,,,,,,,,,,,,32.911,33.014
22,7/5/17,,,32.394,,,33.066,,,,,,,,,,,,,,,,,,,,,33.014,33.118
24,7/5/17,,,32.6,,,32.7555,,,,,,,,,,,,,,,,,,,,,32.704,32.807
26,7/6/17,33.014,,32.6,32.704,32.807,32.394,31.472,,,,31.268,31.064,,,30.659,,,,,,,,,,,,32.394,32.394
28,7/6/17,32.911,,32.6,32.704,32.6,31.983,31.268,,,,31.268,31.166,,,30.76,,,,,,,,,,,,31.983,31.983
30,7/6/17,32.704,,32.394,32.497,32.291,31.574,30.963,,,,31.166,31.166,,,30.76,,,,,,,,,,,,31.574,31.574
32,7/6/17,32.394,,32.291,32.291,32.086,31.217,30.76,,,,31.064,31.166,,,30.76,,,,,,,,,,,,31.268,31.166
34,7/6/17,32.086,,31.983,32.086,31.778,30.811,30.457,,,,30.862,31.166,,,30.76,,,,,,,,,,,,30.862,30.76
36,7/6/17,31.88,,31.778,31.778,31.574,30.558,30.255,,,,30.76,31.166,,,30.76,,,,,,,,,,,,30.659,30.457
38,7/6/17,31.676,,31.574,31.574,31.472,30.659,30.154,,,,30.558,31.166,,,30.659,,,,,,,,,,,,30.76,30.558
40,7/6/17,31.676,,31.472,31.472,31.676,31.217,30.255,,,,30.558,31.064,,,30.659,,,,,,,,,,,,31.268,31.166
42,7/6/17,31.983,,31.676,31.574,32.086,32.086,30.558,,,,30.558,31.064,,,30.659,,,,,,,,,,,,32.086,32.086
44,7/6/17,32.394,,31.983,31.88,32.6,32.859,30.963,,,,30.76,31.064,,,30.659,,,,,,,,,,,,32.807,32.911
46,7/6/17,32.911,,32.291,32.394,33.014,33.378,31.37,,,,30.963,31.064,,,30.659,,,,,,,,,,,,33.326,33.43
48,7/6/17,33.326,,32.704,32.807,33.326,33.43,31.676,,,,31.268,31.064,,,30.659,,,,,,,,,,,,33.43,33.43
50,7/7/17,33.43,32.911,32.911,33.014,33.326,33.066,31.676,31.166,31.064,31.472,31.472,31.064,30.457,30.558,30.659,30.659,31.472,31.166,31.064,31.064,31.268,31.37,,,,,33.014,33.118
52,7/7/17,33.326,33.014,32.911,33.118,33.222,32.6,31.472,31.166,31.064,31.37,31.574,31.064,30.457,30.659,30.659,30.659,31.472,31.166,31.064,31.064,31.268,31.37,,,,,32.6,32.6
54,7/7/17,33.222,32.911,32.807,33.014,33.014,32.188,31.268,31.064,31.064,31.268,31.574,31.064,30.457,30.659,30.659,30.76,31.37,31.064,30.963,30.963,31.166,31.472,,,,,32.188,32.188
56,7/7/17,32.911,32.807,32.704,32.807,32.807,31.778,31.064,30.862,30.963,31.064,31.472,31.166,30.457,30.659,30.76,30.76,31.166,30.862,30.862,30.76,31.064,31.472,,,,,31.778,31.778
58,7/7/17,32.704,32.6,32.497,32.6,32.497,31.37,30.76,30.76,30.862,30.862,31.268,31.166,30.558,30.659,30.76,30.862,31.064,30.76,30.76,30.659,30.862,31.472,,,,,31.37,31.37
60,7/7/17,32.394,32.291,32.291,32.394,32.188,31.064,30.558,30.558,30.76,30.659,31.166,31.166,30.558,30.76,30.76,30.862,30.862,30.558,30.558,30.457,30.76,31.574,,,,,31.064,31.064
62,7/7/17,32.188,32.086,32.086,32.086,32.086,31.064,30.356,30.558,30.659,30.558,30.963,31.166,30.457,30.76,30.76,30.862,30.659,30.457,30.457,30.457,30.659,31.574,,,,,31.064,31.064
64,7/7/17,32.188,31.983,31.983,31.983,32.188,31.421,30.457,30.558,30.558,30.558,30.963,31.166,30.457,30.76,30.76,30.862,30.659,30.457,30.457,30.457,30.659,31.574,,,,,31.472,31.37
66,7/7/17,32.394,32.086,32.086,32.086,32.394,31.983,30.659,30.659,30.558,30.659,30.963,31.166,30.457,30.659,30.76,30.76,30.76,30.457,30.457,30.659,30.76,31.574,,,,,31.983,31.983
68,7/7/17,32.704,32.188,32.188,32.291,32.704,32.497,31.064,30.862,30.659,30.963,31.064,31.166,30.457,30.659,30.659,30.76,30.963,30.659,30.558,30.76,30.963,31.472,,,,,32.497,32.497
70,7/7/17,33.014,32.497,32.394,32.497,32.911,32.6,31.268,30.963,30.76,31.064,31.166,31.166,30.457,30.659,30.659,30.76,31.166,30.76,30.76,30.76,30.963,31.472,,,,,32.6,32.6
72,7/7/17,33.118,32.6,32.497,32.704,32.807,32.394,31.268,30.963,30.862,31.166,31.268,31.166,30.457,30.659,30.659,30.76,31.166,30.862,30.76,30.76,30.963,31.472,,,,,32.394,32.394
74,7/8/17,33.014,32.704,32.497,32.704,32.704,32.0345,31.064,30.862,30.862,31.064,31.268,31.166,30.457,30.659,30.659,30.76,31.166,30.862,30.76,30.76,30.963,31.472,31.166,30.862,30.76,30.76,31.983,32.086
76,7/8/17,32.807,32.6,32.394,32.6,32.497,31.676,30.963,30.76,30.862,30.963,31.166,31.166,30.457,30.659,30.659,30.76,31.064,30.76,30.76,30.659,30.862,31.472,31.166,30.963,30.862,30.76,31.676,31.676
78,7/8/17,32.6,32.497,32.291,32.394,32.291,31.37,30.76,30.659,30.76,30.862,31.064,31.166,30.457,30.659,30.659,30.76,30.963,30.659,30.659,30.457,30.76,31.574,31.166,30.862,30.862,30.76,31.37,31.37
80,7/8/17,32.394,32.291,32.086,32.188,32.086,30.963,30.457,30.457,30.659,30.659,30.963,31.166,30.457,30.659,30.659,30.76,30.862,30.558,30.457,30.356,30.558,31.574,31.166,30.963,30.862,30.76,30.963,30.963
82,7/8/17,32.086,32.086,31.88,31.983,31.778,30.659,30.255,30.356,30.558,30.457,30.862,31.166,30.457,30.659,30.659,30.76,30.659,30.356,30.356,30.154,30.457,31.574,31.166,30.963,30.862,30.76,30.659,30.659
84,7/8/17,31.88,31.88,31.778,31.778,31.574,30.457,30.054,30.255,30.457,30.356,30.76,31.166,30.457,30.659,30.659,30.76,30.457,30.255,30.255,30.054,30.255,31.574,31.166,30.963,30.862,30.76,30.457,30.457
86,7/8/17,31.676,31.676,31.574,31.574,31.574,30.5075,29.953,30.154,30.356,30.255,30.558,31.064,30.457,30.659,30.659,30.76,30.356,30.154,30.054,30.054,30.255,31.574,31.166,30.862,30.76,30.76,30.558,30.457
88,7/8/17,31.778,31.574,31.472,31.472,31.676,31.0135,30.054,30.255,30.255,30.255,30.558,31.064,30.356,30.558,30.659,30.76,30.356,30.054,30.054,30.054,30.356,31.472,31.064,30.862,30.76,30.76,31.064,30.963
90,7/8/17,31.983,31.676,31.676,31.574,32.086,31.88,30.356,30.356,30.255,30.356,30.558,31.064,30.356,30.558,30.659,30.659,30.457,30.154,30.054,30.356,30.457,31.472,31.064,30.862,30.76,30.659,31.88,31.88
92,7/8/17,32.497,31.983,31.983,31.983,32.6,32.8075,30.862,30.659,30.457,30.659,30.76,31.064,30.356,30.558,30.558,30.659,30.659,30.457,30.255,30.558,30.76,31.472,31.064,30.862,30.76,30.659,32.704,32.911
94,7/8/17,33.014,32.394,32.394,32.394,33.118,33.378,31.37,30.963,30.659,31.064,30.963,31.064,30.356,30.558,30.558,30.659,31.064,30.76,30.558,30.862,31.064,31.37,31.064,30.76,30.659,30.659,33.326,33.43
96,7/8/17,33.535,32.807,32.704,32.807,33.43,33.5345,31.676,31.166,30.862,31.268,31.268,31.064,30.356,30.558,30.558,30.659,31.37,31.064,30.862,31.064,31.268,31.37,31.064,30.76,30.659,30.659,33.43,33.639
98,7/9/17,33.743,33.118,33.014,33.222,33.535,33.4825,31.778,31.268,31.064,31.472,31.472,31.064,30.356,30.558,30.558,30.659,31.574,31.268,31.064,31.166,31.37,31.472,31.064,30.76,30.659,30.659,33.43,33.535
100,7/9/17,33.848,33.326,33.118,33.326,33.535,33.274,31.778,31.268,31.268,31.472,31.574,31.064,30.356,30.558,30.558,30.659,31.778,31.37,31.166,31.268,31.37,31.472,31.064,30.862,30.76,30.659,33.222,33.326
102,7/9/17,33.743,33.326,33.118,33.43,33.535,32.9625,31.676,31.268,31.37,31.472,31.676,31.166,30.457,30.558,30.659,30.76,31.778,31.37,31.268,31.166,31.37,31.574,31.166,30.862,30.76,30.76,32.911,33.014
104,7/9/17,33.639,33.326,33.118,33.326,33.326,32.6,31.472,31.166,31.37,31.37,31.676,31.166,30.457,30.659,30.659,30.76,31.778,31.37,31.166,31.064,31.268,31.574,31.166,30.963,30.862,30.76,32.6,32.6
106,7/9/17,33.43,33.118,33.014,33.222,33.118,32.291,31.268,31.064,31.268,31.268,31.574,31.268,30.457,30.659,30.76,30.76,31.676,31.268,31.166,30.963,31.166,31.676,31.268,30.963,30.862,30.862,32.291,32.291
108,7/9/17,33.222,33.014,32.807,33.014,32.911,31.983,31.064,30.963,31.166,31.166,31.472,31.268,30.558,30.76,30.76,30.862,31.472,31.064,31.064,30.862,31.064,31.676,31.268,30.963,30.963,30.862,31.983,31.983
110,7/9/17,33.014,32.807,32.704,32.807,32.911,32.0345,30.963,30.963,31.064,31.064,31.37,31.268,30.558,30.76,30.76,30.862,31.37,30.963,30.963,30.862,31.064,31.676,31.268,31.064,30.963,30.862,32.086,31.983
112,7/9/17,33.118,32.807,32.704,32.807,33.118,32.6,31.166,31.064,31.064,31.064,31.37,31.268,30.558,30.76,30.862,30.862,31.37,30.963,30.862,30.963,31.166,31.778,31.268,31.064,30.963,30.862,32.6,32.6
114,7/9/17,33.43,32.911,32.807,32.911,33.43,33.4825,31.472,31.268,31.166,31.268,31.472,31.268,30.558,30.76,30.862,30.862,31.472,31.166,31.064,31.268,31.37,31.778,31.268,31.064,30.963,30.862,33.43,33.535
116,7/9/17,33.848,33.222,33.222,33.222,33.953,34.163,31.983,31.574,31.268,31.676,31.676,31.268,30.558,30.76,30.862,30.862,31.778,31.37,31.268,31.574,31.676,31.778,31.37,31.064,30.963,30.862,34.058,34.268
118,7/9/17,34.374,33.639,33.535,33.743,34.268,34.6375,32.497,31.88,31.574,32.086,31.983,31.37,30.558,30.76,30.862,30.862,32.188,31.778,31.574,31.778,31.88,31.778,31.37,31.064,30.963,30.963,34.479,34.796
120,7/9/17,34.691,33.953,33.953,34.058,34.479,34.6905,32.704,31.983,31.778,32.291,32.188,31.37,30.558,30.862,30.862,30.963,32.394,32.086,31.778,31.983,32.086,31.778,31.37,31.064,31.064,30.963,34.585,34.796
122,7/10/17,34.903,34.163,34.163,34.268,34.585,34.585,32.807,32.086,31.983,32.497,32.394,31.472,30.659,30.862,30.963,30.963,32.6,32.188,31.983,32.086,32.188,31.88,31.472,31.166,31.064,30.963,34.479,34.691
124,7/10/17,34.903,34.268,34.163,34.374,34.479,34.321,32.704,32.188,32.086,32.497,32.497,31.472,30.76,30.963,30.963,31.064,32.704,32.291,32.086,32.086,32.188,31.88,31.472,31.166,31.166,31.064,34.268,34.374
126,7/10/17,34.796,34.268,34.163,34.374,34.374,34.0055,32.6,32.086,32.086,32.394,32.497,31.574,30.76,30.963,31.064,31.166,32.704,32.291,32.086,31.983,32.188,31.983,31.574,31.268,31.166,31.064,33.953,34.058
128,7/10/17,34.585,34.163,34.058,34.268,34.163,33.691,32.497,31.983,32.086,32.394,32.497,31.574,30.862,31.064,31.166,31.166,32.6,32.291,32.086,31.983,32.086,32.086,31.676,31.37,31.268,31.166,33.639,33.743
130,7/10/17,34.374,34.058,33.953,34.163,33.953,33.326,32.291,31.88,32.086,32.188,32.394,31.676,30.862,31.064,31.166,31.268,32.497,32.086,31.983,31.778,31.983,32.086,31.676,31.37,31.268,31.268,33.326,33.326
132,7/10/17,34.163,33.953,33.743,33.953,33.848,33.014,32.086,31.778,31.983,32.086,32.291,31.676,30.963,31.166,31.268,31.268,32.394,31.983,31.88,31.676,31.88,32.188,31.778,31.472,31.37,31.268,33.014,33.014
134,7/10/17,34.058,33.743,33.639,33.743,33.639,32.911,31.88,31.778,31.88,31.88,32.188,31.676,30.963,31.166,31.268,31.268,32.291,31.88,31.778,31.676,31.778,32.188,31.778,31.472,31.37,31.268,32.911,32.911
136,7/10/17,33.953,33.639,33.535,33.639,33.743,33.222,31.983,31.778,31.778,31.88,32.188,31.778,30.963,31.166,31.268,31.37,32.188,31.88,31.676,31.676,31.88,32.188,31.778,31.472,31.472,31.37,33.222,33.222
138,7/10/17,34.058,33.639,33.639,33.639,33.953,33.535,32.188,31.88,31.778,31.983,32.188,31.778,30.963,31.166,31.268,31.37,32.188,31.88,31.778,31.88,31.983,32.291,31.778,31.574,31.472,31.37,33.535,33.535
140,7/10/17,34.268,33.848,33.743,33.848,34.268,34.1105,32.394,32.086,31.88,32.291,32.291,31.778,30.963,31.166,31.268,31.37,32.394,32.086,31.88,31.983,32.086,32.291,31.778,31.574,31.472,31.37,34.163,34.058
142,7/10/17,34.479,33.953,33.953,34.058,34.268,33.7955,32.497,32.086,31.983,32.394,32.394,31.778,31.064,31.268,31.268,31.37,32.394,32.086,31.88,31.88,32.188,32.291,31.778,31.574,31.472,31.37,33.743,33.848
144,7/10/17,34.374,34.058,33.953,34.058,34.163,33.274,32.394,31.983,31.88,32.291,32.394,31.778,31.064,31.268,31.37,31.37,32.188,31.983,31.778,31.778,32.086,32.291,31.88,31.574,31.472,31.37,33.222,33.326
146,7/11/17,34.163,33.848,33.848,33.953,33.953,32.7555,32.086,31.88,31.778,32.086,32.291,31.88,31.064,31.268,31.37,31.472,31.983,31.778,31.778,31.676,31.88,32.394,31.88,31.574,31.574,31.37,32.704,32.807
148,7/11/17,33.848,33.743,33.639,33.743,33.639,32.394,31.88,31.676,31.676,31.778,32.188,31.88,31.064,31.268,31.37,31.472,31.88,31.676,31.574,31.472,31.778,32.394,31.88,31.676,31.574,31.472,32.394,32.394
150,7/11/17,33.535,33.43,33.43,33.535,33.326,32.0345,31.574,31.472,31.574,31.574,31.983,31.88,31.064,31.268,31.37,31.472,31.676,31.472,31.472,31.37,31.574,32.394,31.88,31.676,31.574,31.472,31.983,32.086
152,7/11/17,33.222,33.222,33.222,33.326,33.014,31.676,31.268,31.268,31.37,31.37,31.88,31.88,31.064,31.268,31.37,31.472,31.472,31.37,31.268,31.166,31.37,32.394,31.88,31.676,31.574,31.472,31.676,31.676
154,7/11/17,33.014,33.014,33.014,33.014,32.807,31.37,31.064,31.166,31.268,31.166,31.676,31.88,31.064,31.268,31.37,31.472,31.37,31.166,31.166,31.064,31.268,32.394,31.88,31.676,31.574,31.472,31.37,31.37
156,7/11/17,32.704,32.704,32.807,32.807,32.497,31.115,30.76,30.963,31.166,31.064,31.574,31.88,31.064,31.268,31.37,31.472,31.166,31.064,30.963,30.862,31.064,32.394,31.88,31.574,31.574,31.472,31.166,31.064
158,7/11/17,32.497,32.497,32.497,32.497,32.394,31.115,30.659,30.862,30.963,30.963,31.37,31.88,31.064,31.268,31.268,31.472,31.064,30.862,30.862,30.862,30.963,32.394,31.88,31.574,31.574,31.472,31.166,31.064
160,7/11/17,32.497,32.394,32.497,32.394,32.497,31.523,30.76,30.963,30.963,30.963,31.268,31.778,30.963,31.268,31.268,31.37,30.963,30.862,30.862,30.862,31.064,32.291,31.778,31.574,31.472,31.37,31.574,31.472
162,7/11/17,32.704,32.394,32.497,32.497,32.807,32.188,30.963,31.064,30.963,31.064,31.268,31.778,30.963,31.166,31.268,31.37,31.064,30.862,30.862,31.064,31.166,32.291,31.778,31.574,31.472,31.37,32.188,32.188
164,7/11/17,33.118,32.6,32.704,32.704,33.118,32.859,31.37,31.166,31.064,31.268,31.472,31.676,30.862,31.166,31.166,31.268,31.268,31.064,30.963,31.166,31.37,32.188,31.676,31.472,31.472,31.37,32.807,32.911
166,7/11/17,33.43,32.911,33.014,33.014,33.326,32.9625,31.676,31.268,31.166,31.472,31.574,31.676,30.862,31.166,31.166,31.268,31.472,31.268,31.166,31.268,31.472,32.188,31.676,31.472,31.37,31.268,32.911,33.014
168,7/11/17,33.535,33.118,33.118,33.222,33.43,32.859,31.676,31.37,31.37,31.574,31.676,31.676,30.862,31.064,31.166,31.268,31.676,31.37,31.268,31.37,31.472,32.188,31.676,31.472,31.37,31.268,32.807,32.911
170,7/12/17,33.535,33.118,33.118,33.326,33.326,32.497,31.574,31.268,31.37,31.574,31.676,31.676,30.862,31.064,31.166,31.268,31.676,31.472,31.268,31.268,31.472,32.188,31.676,31.472,31.37,31.268,32.497,32.497
172,7/12/17,33.326,33.118,33.118,33.222,33.118,32.086,31.37,31.166,31.37,31.472,31.676,31.676,30.862,31.064,31.166,31.268,31.676,31.37,31.268,31.166,31.37,32.188,31.676,31.472,31.37,31.268,32.086,32.086
174,7/12/17,33.118,33.014,32.911,33.014,32.911,31.778,31.166,31.064,31.268,31.37,31.574,31.676,30.862,31.064,31.166,31.268,31.574,31.268,31.166,31.064,31.268,32.188,31.676,31.472,31.472,31.37,31.778,31.778
176,7/12/17,32.911,32.807,32.807,32.807,32.6,31.37,30.963,30.963,31.166,31.166,31.472,31.778,30.862,31.064,31.166,31.268,31.37,31.166,31.064,30.963,31.064,32.188,31.676,31.472,31.472,31.37,31.37,31.37
178,7/12/17,32.704,32.6,32.6,32.6,32.394,31.064,30.76,30.76,31.064,30.963,31.37,31.778,30.862,31.064,31.166,31.268,31.166,30.963,30.963,30.76,30.963,32.188,31.676,31.472,31.37,31.268,31.064,31.064
180,7/12/17,32.394,32.394,32.394,32.394,32.188,30.76,30.558,30.659,30.963,30.862,31.268,31.676,30.862,31.064,31.166,31.268,31.064,30.862,30.76,30.659,30.76,32.188,31.676,31.472,31.37,31.268,30.76,30.76
182,7/12/17,32.188,32.188,32.188,32.188,31.983,30.7095,30.457,30.558,30.862,30.659,31.064,31.676,30.862,31.064,31.166,31.268,30.862,30.76,30.659,30.558,30.659,32.188,31.574,31.37,31.37,31.268,30.76,30.659
184,7/12/17,32.086,31.983,32.086,32.086,31.983,30.811,30.457,30.457,30.659,30.659,30.963,31.676,30.862,31.064,31.064,31.166,30.76,30.659,30.558,30.558,30.659,32.086,31.574,31.37,31.37,31.268,30.862,30.76
186,7/12/17,32.188,31.983,32.086,31.983,32.086,31.064,30.457,30.558,30.659,30.659,30.963,31.676,30.76,30.963,31.064,31.166,30.76,30.659,30.558,30.558,30.76,32.086,31.574,31.37,31.268,31.268,31.064,31.064
188,7/12/17,32.394,32.086,32.086,32.086,32.394,31.523,30.659,30.659,30.659,30.76,30.963,31.574,30.76,30.963,31.064,31.166,30.862,30.659,30.558,30.76,30.862,32.086,31.574,31.268,31.268,31.166,31.472,31.574
190,7/12/17,32.6,32.188,32.291,32.291,32.6,31.778,30.963,30.76,30.76,30.963,31.064,31.574,30.76,30.963,30.963,31.064,30.963,30.76,30.659,30.862,30.963,31.983,31.472,31.268,31.268,31.166,31.676,31.88
192,7/12/17,32.807,32.394,32.394,32.497,32.807,31.8805,31.064,30.862,30.862,31.064,31.268,31.574,30.76,30.862,30.963,31.064,31.166,30.862,30.76,30.862,31.064,31.983,31.472,31.268,31.268,31.166,31.778,31.983
194,7/13/17,32.911,32.6,32.497,32.6,32.807,31.778,31.064,30.862,30.963,31.166,31.268,31.574,30.659,30.862,30.963,31.064,31.268,30.963,30.862,30.862,31.064,31.983,31.472,31.268,31.268,31.166,31.676,31.88
196,7/13/17,32.911,32.6,32.6,32.704,32.807,31.574,31.064,30.76,31.064,31.166,31.37,31.574,30.76,30.862,30.963,31.064,31.268,30.963,30.862,30.862,31.064,31.983,31.472,31.268,31.268,31.166,31.472,31.676
198,7/13/17,32.911,32.6,32.497,32.6,32.704,31.37,30.963,30.76,30.963,31.064,31.37,31.574,30.659,30.862,30.963,31.064,31.268,30.963,30.862,30.76,31.064,31.983,31.472,31.268,31.268,31.166,31.268,31.472
200,7/13/17,32.704,32.497,32.497,32.6,32.497,31.115,30.76,30.659,30.963,30.963,31.268,31.574,30.76,30.862,30.963,31.064,31.166,30.862,30.862,30.76,30.963,31.983,31.472,31.268,31.268,31.166,31.064,31.166
202,7/13/17,32.6,32.394,32.291,32.394,32.394,30.811,30.659,30.558,30.862,30.862,31.166,31.574,30.76,30.862,30.963,31.064,31.064,30.862,30.76,30.558,30.862,31.983,31.472,31.268,31.268,31.166,30.76,30.862
204,7/13/17,32.394,32.291,32.188,32.291,32.188,30.7095,30.457,30.457,30.76,30.76,31.166,31.574,30.659,30.862,30.963,31.064,30.963,30.659,30.659,30.558,30.76,31.983,31.472,31.268,31.268,31.166,30.659,30.76
206,7/13/17,32.291,32.086,32.086,32.188,32.188,30.862,30.457,30.457,30.76,30.659,31.064,31.574,30.659,30.862,30.963,31.064,30.862,30.659,30.558,30.457,30.76,31.983,31.472,31.268,31.268,31.166,30.862,30.862
208,7/13/17,32.394,32.086,32.086,32.188,32.394,31.319,30.558,30.457,30.659,30.659,31.064,31.574,30.659,30.862,30.963,31.064,30.862,30.558,30.558,30.558,30.76,31.983,31.472,31.268,31.166,31.166,31.268,31.37
210,7/13/17,32.6,32.188,32.291,32.291,32.807,32.0345,30.862,30.659,30.76,30.862,31.064,31.574,30.659,30.862,30.963,31.064,30.963,30.659,30.558,30.76,30.963,31.983,31.37,31.166,31.166,31.064,31.983,32.086
212,7/13/17,33.014,32.497,32.497,32.6,33.118,32.6005,31.166,30.862,30.862,31.166,31.268,31.574,30.659,30.862,30.963,31.064,31.166,30.862,30.76,30.963,31.166,31.983,31.37,31.166,31.166,31.064,32.497,32.704
214,7/13/17,33.222,32.704,32.807,32.911,33.222,32.6005,31.37,30.963,31.064,31.37,31.472,31.574,30.659,30.76,30.963,31.064,31.37,30.963,30.963,31.064,31.268,31.983,31.37,31.166,31.166,31.064,32.497,32.704
216,7/13/17,33.326,32.911,32.911,33.014,33.222,32.3425,31.37,30.963,31.064,31.37,31.574,31.574,30.659,30.862,30.963,31.064,31.472,31.064,31.064,31.064,31.268,31.983,31.37,31.166,31.166,31.064,32.291,32.394
218,7/14/17,33.222,32.911,32.911,33.014,33.118,32.0345,31.268,30.963,31.166,31.37,31.574,31.574,30.659,30.862,30.963,31.064,31.472,31.064,31.064,30.963,31.268,31.983,31.472,31.166,31.166,31.064,31.983,32.086
220,7/14/17,33.014,32.807,32.807,32.911,32.911,31.727,31.064,30.862,31.064,31.268,31.574,31.676,30.659,30.862,30.963,31.064,31.37,31.064,30.963,30.963,31.166,31.983,31.472,31.166,31.166,31.166,31.676,31.778
222,7/14/17,32.807,32.704,32.704,32.807,32.704,31.37,30.862,30.76,31.064,31.064,31.472,31.676,30.659,30.862,30.963,31.064,31.268,30.963,30.963,30.76,30.963,31.983,31.472,31.268,31.268,31.166,31.37,31.37
224,7/14/17,32.6,32.497,32.497,32.6,32.394,30.963,30.659,30.558,30.963,30.963,31.37,31.676,30.659,30.862,30.963,31.166,31.166,30.862,30.76,30.659,30.862,32.086,31.472,31.268,31.268,31.166,30.963,30.963
226,7/14/17,32.394,32.291,32.291,32.394,32.188,30.659,30.457,30.457,30.862,30.76,31.166,31.676,30.659,30.862,30.963,31.166,30.963,30.76,30.659,30.457,30.76,32.086,31.472,31.268,31.268,31.166,30.659,30.659
228,7/14/17,32.086,32.086,32.086,32.188,31.983,30.457,30.255,30.356,30.659,30.659,31.064,31.676,30.659,30.862,30.963,31.166,30.862,30.659,30.558,30.356,30.659,32.086,31.472,31.268,31.268,31.166,30.457,30.457
230,7/14/17,31.983,31.88,31.983,31.983,31.88,30.5075,30.255,30.255,30.558,30.558,30.963,31.676,30.659,30.862,30.963,31.064,30.76,30.558,30.457,30.356,30.558,31.983,31.472,31.268,31.268,31.166,30.558,30.457
232,7/14/17,31.983,31.778,31.88,31.88,32.086,31.0135,30.356,30.356,30.558,30.558,30.862,31.676,30.659,30.862,30.963,31.064,30.659,30.457,30.356,30.457,30.558,31.983,31.472,31.268,31.166,31.064,31.064,30.963
234,7/14/17,32.291,31.88,31.983,31.983,32.394,31.778,30.659,30.457,30.558,30.76,30.963,31.574,30.659,30.862,30.963,31.064,30.862,30.558,30.457,30.659,30.76,31.983,31.37,31.166,31.166,31.064,31.778,31.778
236,7/14/17,32.807,32.188,32.291,32.291,32.911,32.4455,31.064,30.659,30.76,31.064,31.064,31.574,30.558,30.76,30.862,31.064,31.064,30.659,30.659,30.862,30.963,31.983,31.37,31.166,31.166,31.064,32.394,32.497
238,7/14/17,33.118,32.497,32.6,32.704,33.118,32.7035,31.37,30.862,30.862,31.268,31.37,31.574,30.558,30.76,30.862,31.064,31.268,30.862,30.862,31.064,31.166,31.88,31.37,31.166,31.166,31.064,32.6,32.807
240,7/14/17,33.326,32.807,32.807,32.911,33.326,32.652,31.472,30.963,31.064,31.472,31.574,31.676,30.558,30.76,30.862,30.963,31.574,31.064,30.963,31.166,31.268,31.88,31.37,31.166,31.166,31.064,32.6,32.704
242,7/15/17,33.326,32.911,32.911,33.118,33.222,32.4455,31.472,30.963,31.166,31.472,31.676,31.676,30.659,30.76,30.862,31.064,31.676,31.166,31.064,31.166,31.268,31.983,31.37,31.166,31.166,31.064,32.394,32.497
244,7/15/17,33.326,32.911,32.911,33.118,33.118,32.137,31.37,30.963,31.268,31.472,31.676,31.676,30.659,30.76,30.963,31.064,31.676,31.166,31.166,31.064,31.268,31.983,31.472,31.268,31.166,31.064,32.086,32.188
246,7/15/17,33.118,32.911,32.807,33.014,32.911,31.778,31.166,30.862,31.268,31.37,31.676,31.778,30.659,30.862,30.963,31.064,31.574,31.166,31.064,31.064,31.166,31.983,31.472,31.268,31.166,31.064,31.778,31.778
248,7/15/17,32.911,32.704,32.704,32.911,32.704,31.421,30.963,30.76,31.166,31.268,31.574,31.778,30.76,30.862,30.963,31.166,31.472,31.064,31.064,30.862,31.064,32.086,31.472,31.268,31.268,31.166,31.472,31.37
250,7/15/17,32.704,32.6,32.497,32.704,32.497,31.064,30.76,30.659,31.064,31.064,31.472,31.778,30.76,30.862,31.064,31.166,31.37,31.064,30.963,30.76,30.862,32.086,31.574,31.268,31.268,31.166,31.064,31.064
252,7/15/17,32.394,32.394,32.291,32.394,32.291,30.7605,30.558,30.457,30.963,30.862,31.37,31.778,30.76,30.862,31.064,31.166,31.166,30.862,30.76,30.659,30.76,32.086,31.574,31.268,31.268,31.166,30.862,30.659
254,7/15/17,32.291,32.188,32.188,32.291,32.291,30.9125,30.457,30.457,30.862,30.76,31.268,31.778,30.76,30.862,31.064,31.166,31.064,30.76,30.659,30.558,30.76,32.086,31.574,31.268,31.268,31.166,30.963,30.862
256,7/15/17,32.394,32.086,32.188,32.188,32.497,31.523,30.659,30.558,30.862,30.862,31.166,31.778,30.76,30.862,31.064,31.166,31.064,30.76,30.659,30.76,30.862,32.086,31.574,31.268,31.268,31.166,31.574,31.472
258,7/15/17,32.807,32.291,32.394,32.497,33.014,32.497,31.064,30.76,30.862,31.064,31.268,31.778,30.76,30.862,31.064,31.166,31.166,30.76,30.76,31.064,31.064,32.086,31.472,31.268,31.268,31.166,32.497,32.497
260,7/15/17,33.43,32.704,32.807,32.911,33.639,33.378,31.676,31.166,31.064,31.472,31.574,31.778,30.659,30.862,31.064,31.166,31.574,31.064,30.963,31.37,31.37,32.086,31.472,31.268,31.268,31.166,33.326,33.43
262,7/15/17,33.953,33.222,33.326,33.43,34.163,33.9005,32.188,31.472,31.37,31.983,31.88,31.778,30.76,30.862,31.064,31.166,31.983,31.37,31.37,31.778,31.778,32.086,31.472,31.268,31.268,31.166,33.848,33.953
264,7/15/17,34.374,33.639,33.743,33.953,34.479,34.0055,32.497,31.676,31.676,32.291,32.188,31.88,30.76,30.862,31.064,31.166,32.291,31.778,31.676,32.086,31.983,32.086,31.574,31.268,31.268,31.166,33.953,34.058
266,7/16/17,34.691,33.953,34.058,34.268,34.691,33.9005,32.704,31.88,31.983,32.497,32.394,31.88,30.76,30.963,31.064,31.166,32.6,31.983,31.983,32.188,32.188,32.086,31.574,31.37,31.268,31.166,33.848,33.953
268,7/16/17,34.691,34.163,34.163,34.479,34.691,33.691,32.704,31.983,32.086,32.6,32.6,31.983,30.862,30.963,31.166,31.268,32.704,32.086,32.086,32.291,32.291,32.188,31.676,31.37,31.37,31.268,33.639,33.743
270,7/16/17,34.691,34.163,34.163,34.479,34.585,33.4825,32.6,31.983,32.188,32.6,32.704,31.983,30.862,31.064,31.268,31.37,32.704,32.188,32.188,32.291,32.291,32.291,31.778,31.472,31.472,31.268,33.43,33.535
272,7/16/17,34.585,34.163,34.163,34.479,34.479,33.222,32.497,31.88,32.188,32.497,32.704,32.086,30.963,31.166,31.268,31.472,32.704,32.188,32.188,32.188,32.188,32.291,31.778,31.574,31.472,31.37,33.222,33.222
274,7/16/17,34.479,34.058,34.058,34.374,34.268,32.911,32.291,31.88,32.188,32.394,32.704,32.086,31.064,31.166,31.37,31.472,32.704,32.188,32.188,32.086,32.086,32.394,31.88,31.574,31.574,31.472,32.911,32.911
276,7/16/17,34.268,33.953,33.953,34.163,34.163,32.704,32.188,31.778,32.188,32.291,32.6,32.188,31.064,31.268,31.472,31.574,32.6,32.086,32.086,31.983,32.086,32.497,31.88,31.676,31.676,31.472,32.704,32.704
278,7/16/17,34.163,33.848,33.848,34.058,34.163,32.704,32.086,31.778,32.086,32.188,32.6,32.188,31.166,31.268,31.472,31.574,32.497,31.983,31.983,31.983,32.086,32.497,31.983,31.676,31.676,31.574,32.704,32.704
280,7/16/17,34.268,33.848,33.848,34.058,34.374,33.118,32.188,31.778,32.086,32.291,32.6,32.291,31.166,31.37,31.472,31.676,32.497,31.983,31.983,32.188,32.188,32.6,31.983,31.778,31.676,31.574,33.118,33.118
282,7/16/17,34.479,33.953,34.058,34.163,34.585,33.587,32.497,31.983,32.086,32.497,32.704,32.291,31.166,31.37,31.574,31.676,32.6,32.086,32.086,32.291,32.291,32.6,32.086,31.778,31.778,31.676,33.535,33.639
284,7/16/17,34.691,34.163,34.268,34.479,34.691,33.7955,32.704,32.086,32.291,32.704,32.807,32.291,31.166,31.37,31.574,31.676,32.807,32.291,32.291,32.394,32.394,32.6,32.086,31.778,31.778,31.676,33.743,33.848
286,7/16/17,34.796,34.374,34.374,34.585,34.796,33.743,32.911,32.188,32.394,32.807,32.911,32.394,31.268,31.472,31.574,31.676,32.911,32.394,32.394,32.497,32.497,32.704,32.086,31.88,31.778,31.676,33.743,33.743
288,7/16/17,34.796,34.374,34.374,34.691,34.691,33.535,32.807,32.188,32.394,32.807,33.014,32.394,31.268,31.472,31.676,31.778,33.014,32.497,32.497,32.497,32.394,32.704,32.188,31.88,31.88,31.676,33.535,33.535
290,7/17/17,34.691,34.374,34.374,34.585,34.585,33.222,32.704,32.086,32.497,32.807,33.014,32.497,31.37,31.472,31.676,31.778,33.014,32.497,32.497,32.394,32.394,32.704,32.188,31.88,31.88,31.778,33.222,33.222
292,7/17/17,34.479,34.268,34.268,34.479,34.374,32.911,32.497,31.983,32.394,32.6,33.014,32.497,31.37,31.574,31.778,31.88,32.911,32.497,32.394,32.291,32.291,32.807,32.291,31.983,31.88,31.778,32.911,32.911
294,7/17/17,34.374,34.058,34.163,34.374,34.163,32.5485,32.291,31.88,32.291,32.497,32.911,32.497,31.472,31.574,31.778,31.88,32.807,32.394,32.291,32.188,32.188,32.807,32.291,31.983,31.983,31.88,32.6,32.497
296,7/17/17,34.058,33.848,33.953,34.163,33.953,32.2395,32.086,31.778,32.291,32.394,32.807,32.6,31.472,31.574,31.778,31.983,32.6,32.291,32.188,32.086,31.983,32.911,32.291,32.086,31.983,31.88,32.291,32.188
298,7/17/17,33.848,33.743,33.743,33.953,33.639,31.9315,31.88,31.574,32.086,32.188,32.6,32.6,31.472,31.676,31.88,31.983,32.497,32.086,32.086,31.88,31.88,32.911,32.394,32.086,31.983,31.88,31.983,31.88
300,7/17/17,33.535,33.43,33.535,33.639,33.43,31.625,31.676,31.472,31.983,31.983,32.497,32.6,31.472,31.676,31.88,31.983,32.291,31.983,31.88,31.778,31.778,32.911,32.394,32.086,32.086,31.88,31.676,31.574
302,7/17/17,33.43,33.326,33.326,33.43,33.326,31.676,31.574,31.37,31.88,31.88,32.291,32.6,31.472,31.676,31.88,31.983,32.188,31.88,31.778,31.676,31.676,32.911,32.394,32.086,32.086,31.88,31.778,31.574
304,7/17/17,33.43,33.222,33.326,33.43,33.535,32.0855,31.676,31.37,31.778,31.88,32.291,32.6,31.472,31.676,31.88,31.983,32.086,31.778,31.676,31.676,31.676,32.911,32.291,32.086,31.983,31.88,32.188,31.983
306,7/17/17,33.639,33.222,33.43,33.535,33.639,32.497,31.778,31.472,31.778,31.983,32.291,32.6,31.472,31.676,31.778,31.88,32.188,31.778,31.778,31.778,31.778,32.911,32.291,32.086,31.983,31.88,32.497,32.497
308,7/17/17,33.743,33.43,33.535,33.639,33.743,32.6,31.983,31.472,31.88,32.086,32.291,32.6,31.472,31.676,31.778,31.88,32.291,31.88,31.778,31.778,31.778,32.911,32.291,32.086,31.983,31.88,32.6,32.6
310,7/17/17,33.848,33.43,33.535,33.743,33.639,32.497,31.88,31.472,31.88,32.086,32.394,32.6,31.472,31.574,31.778,31.88,32.291,31.88,31.88,31.778,31.778,32.807,32.291,32.086,31.983,31.88,32.497,32.497
312,7/17/17,33.743,33.43,33.535,33.639,33.535,32.0345,31.778,31.37,31.778,31.983,32.394,32.6,31.472,31.574,31.778,31.88,32.188,31.88,31.778,31.574,31.676,32.807,32.291,31.983,31.983,31.88,31.983,32.086
314,7/18/17,33.43,33.326,33.43,33.535,33.222,31.472,31.472,31.166,31.676,31.676,32.188,32.6,31.472,31.574,31.778,31.88,31.983,31.574,31.574,31.37,31.472,32.807,32.291,32.086,31.983,31.88,31.37,31.574
316,7/18/17,33.118,33.118,33.222,33.222,32.911,31.115,31.166,30.963,31.472,31.472,31.983,32.6,31.472,31.574,31.778,31.88,31.676,31.37,31.37,31.166,31.37,32.807,32.291,31.983,31.983,31.88,31.064,31.166
318,7/18/17,32.911,32.807,33.014,33.014,32.704,30.811,30.963,30.76,31.268,31.166,31.778,32.497,31.37,31.574,31.778,31.88,31.472,31.268,31.268,31.064,31.166,32.807,32.291,31.983,31.983,31.778,30.76,30.862
320,7/18/17,32.704,32.6,32.807,32.807,32.497,30.558,30.76,30.659,31.064,30.963,31.574,32.497,31.37,31.574,31.778,31.88,31.37,31.064,31.064,30.862,30.963,32.704,32.291,31.983,31.983,31.778,30.558,30.558
322,7/18/17,32.394,32.394,32.6,32.6,32.291,30.3055,30.558,30.457,30.963,30.862,31.37,32.497,31.268,31.574,31.676,31.88,31.166,30.963,30.963,30.76,30.862,32.704,32.188,31.88,31.88,31.778,30.255,30.356
324,7/18/17,32.188,32.188,32.394,32.394,32.086,30.154,30.356,30.356,30.76,30.76,31.268,32.394,31.268,31.472,31.676,31.778,31.064,30.862,30.862,30.659,30.76,32.704,32.188,31.88,31.88,31.676,30.154,30.154
326,7/18/17,32.086,32.086,32.291,32.291,32.086,30.255,30.356,30.356,30.76,30.659,31.166,32.394,31.268,31.472,31.574,31.676,30.963,30.76,30.76,30.659,30.659,32.6,32.086,31.88,31.778,31.676,30.255,30.255
328,7/18/17,32.188,32.086,32.188,32.188,32.086,30.457,30.356,30.356,30.659,30.659,31.166,32.291,31.166,31.37,31.574,31.676,30.963,30.76,30.76,30.659,30.659,32.6,32.086,31.778,31.778,31.574,30.457,30.457
330,7/18/17,32.291,32.086,32.291,32.291,32.291,30.862,30.558,30.457,30.659,30.76,31.166,32.291,31.166,31.37,31.472,31.574,30.963,30.76,30.76,30.76,30.76,32.497,31.983,31.778,31.778,31.574,30.862,30.862
332,7/18/17,32.497,32.188,32.394,32.394,32.497,31.319,30.76,30.558,30.76,30.963,31.268,32.291,31.064,31.268,31.472,31.574,31.166,30.862,30.862,30.862,30.862,32.497,31.983,31.676,31.676,31.472,31.37,31.268
334,7/18/17,32.704,32.394,32.6,32.6,32.807,31.676,30.963,30.659,30.862,31.166,31.37,32.188,31.064,31.268,31.37,31.574,31.268,30.963,30.963,31.064,30.963,32.394,31.983,31.676,31.676,31.472,31.676,31.676
336,7/18/17,32.911,32.6,32.704,32.807,32.911,31.778,31.064,30.659,30.963,31.268,31.472,32.188,31.064,31.268,31.37,31.472,31.472,31.166,31.064,31.064,31.064,32.394,31.88,31.676,31.676,31.472,31.778,31.778
338,7/19/17,33.014,32.704,32.807,33.014,32.911,31.676,31.064,30.659,31.064,31.37,31.574,32.188,31.064,31.268,31.37,31.472,31.574,31.268,31.166,31.166,31.064,32.394,31.88,31.676,31.574,31.472,31.676,31.676
340,7/19/17,33.014,32.807,32.911,33.014,32.911,31.472,30.963,30.659,31.064,31.37,31.574,32.188,31.064,31.166,31.37,31.472,31.574,31.268,31.166,31.064,31.064,32.394,31.88,31.676,31.574,31.472,31.472,31.472
342,7/19/17,32.911,32.807,32.807,33.014,32.807,31.268,30.862,30.558,31.166,31.268,31.574,32.188,31.064,31.166,31.37,31.472,31.574,31.268,31.166,31.064,30.963,32.394,31.983,31.676,31.574,31.472,31.268,31.268
344,7/19/17,32.807,32.704,32.704,32.911,32.704,31.0135,30.659,30.457,31.064,31.166,31.472,32.188,31.064,31.166,31.37,31.472,31.472,31.166,31.166,30.963,30.862,32.394,31.983,31.676,31.574,31.472,31.064,30.963
346,7/19/17,32.6,32.6,32.6,32.807,32.497,30.7095,30.558,30.356,30.963,31.064,31.37,32.188,31.064,31.166,31.37,31.472,31.268,31.064,31.064,30.76,30.76,32.394,31.88,31.676,31.574,31.472,30.76,30.659
348,7/19/17,32.497,32.497,32.497,32.704,32.394,30.5075,30.356,30.255,30.862,30.963,31.268,32.188,31.064,31.166,31.37,31.472,31.268,30.963,30.963,30.76,30.659,32.394,31.983,31.676,31.574,31.472,30.558,30.457
350,7/19/17,32.394,32.291,32.394,32.6,32.394,30.6085,30.356,30.255,30.862,30.862,31.166,32.188,30.963,31.166,31.37,31.472,31.166,30.963,30.862,30.76,30.659,32.394,31.88,31.676,31.574,31.472,30.659,30.558
352,7/19/17,32.497,32.291,32.497,32.6,32.6,31.0135,30.457,30.356,30.862,30.862,31.166,32.188,30.963,31.166,31.37,31.472,31.166,30.963,30.862,30.862,30.76,32.394,31.88,31.676,31.574,31.37,31.064,30.963
354,7/19/17,32.704,32.497,32.6,32.704,32.807,31.37,30.76,30.457,30.862,31.064,31.268,32.188,30.963,31.166,31.37,31.472,31.268,30.963,30.963,30.963,30.862,32.394,31.88,31.574,31.574,31.37,31.37,31.37
356,7/19/17,32.911,32.6,32.807,32.911,33.014,31.574,30.963,30.558,30.963,31.166,31.37,32.086,30.963,31.166,31.268,31.472,31.472,31.166,31.064,31.166,30.963,32.394,31.88,31.574,31.574,31.37,31.574,31.574
358,7/19/17,33.118,32.807,33.014,33.118,33.222,31.778,31.166,30.659,31.064,31.37,31.472,32.086,30.963,31.064,31.268,31.472,31.574,31.268,31.268,31.268,31.064,32.394,31.88,31.574,31.574,31.37,31.778,31.778
360,7/19/17,33.326,33.014,33.118,33.326,33.326,31.778,31.268,30.659,31.166,31.472,31.574,32.086,30.963,31.166,31.268,31.472,31.778,31.37,31.37,31.37,31.166,32.394,31.88,31.574,31.574,31.37,31.778,31.778
362,7/20/17,33.326,33.118,33.222,33.43,33.326,31.676,31.268,30.659,31.268,31.472,31.676,32.188,30.963,31.166,31.268,31.472,31.778,31.472,31.472,31.37,31.166,32.394,31.88,31.574,31.574,31.37,31.676,31.676
364,7/20/17,33.326,33.118,33.222,33.43,33.222,31.472,31.166,30.659,31.268,31.472,31.676,32.188,30.963,31.166,31.37,31.472,31.778,31.574,31.472,31.268,31.166,32.394,31.88,31.676,31.574,31.472,31.472,31.472
366,7/20/17,33.222,33.014,33.118,33.326,33.118,31.217,30.963,30.558,31.268,31.37,31.676,32.188,31.064,31.166,31.37,31.472,31.778,31.472,31.472,31.268,31.166,32.497,31.983,31.676,31.676,31.472,31.268,31.166
368,7/20/17,33.118,33.014,33.118,33.222,33.014,31.0135,30.862,30.457,31.166,31.268,31.574,32.188,31.064,31.166,31.37,31.472,31.676,31.472,31.37,31.166,31.064,32.497,31.983,31.676,31.676,31.472,31.064,30.963
370,7/20/17,32.911,32.807,32.911,33.118,32.807,30.7095,30.659,30.356,31.064,31.166,31.472,32.188,31.064,31.166,31.37,31.574,31.574,31.37,31.268,31.064,30.963,32.497,31.983,31.676,31.676,31.472,30.76,30.659
372,7/20/17,32.807,32.704,32.807,33.014,32.704,30.558,30.558,30.255,30.963,30.963,31.37,32.188,31.064,31.166,31.37,31.472,31.472,31.268,31.166,30.963,30.862,32.497,31.983,31.676,31.676,31.472,30.659,30.457
374,7/20/17,32.704,32.6,32.704,32.911,32.6,30.457,30.457,30.255,30.963,30.963,31.268,32.188,31.064,31.166,31.37,31.574,31.37,31.166,31.064,30.862,30.76,32.497,31.983,31.676,31.676,31.472,30.558,30.356
376,7/20/17,32.6,32.497,32.704,32.807,32.704,30.5075,30.457,30.255,30.862,30.862,31.268,32.188,31.064,31.166,31.37,31.472,31.268,31.064,31.064,30.963,30.76,32.497,31.983,31.676,31.676,31.472,30.558,30.457
378,7/20/17,32.704,32.497,32.704,32.807,32.807,30.7095,30.659,30.356,30.862,30.963,31.268,32.188,31.064,31.166,31.37,31.472,31.37,31.064,31.064,31.064,30.862,32.497,31.983,31.676,31.676,31.472,30.76,30.659
380,7/20/17,32.911,32.704,32.807,32.911,33.118,31.0135,30.862,30.457,30.963,31.166,31.37,32.188,31.064,31.166,31.37,31.472,31.472,31.166,31.166,31.268,31.064,32.497,31.983,31.676,31.676,31.472,31.064,30.963
382,7/20/17,33.222,32.911,33.014,33.222,33.326,31.268,31.064,30.558,31.064,31.268,31.472,32.188,31.064,31.166,31.37,31.472,31.574,31.37,31.268,31.37,31.166,32.497,31.983,31.676,31.676,31.472,31.268,31.268
384,7/20/17,33.43,33.118,33.118,33.43,33.43,31.268,31.166,30.659,31.166,31.37,31.676,32.188,31.064,31.166,31.37,31.472,31.778,31.472,31.472,31.472,31.268,32.497,31.983,31.676,31.676,31.472,31.268,31.268
386,7/21/17,33.535,33.222,,33.535,33.43,31.166,31.166,30.659,31.268,31.472,31.778,32.188,31.064,31.166,31.37,31.574,31.778,31.574,31.574,31.472,31.268,32.497,31.983,31.676,31.676,31.472,31.166,31.166
388,7/21/17,33.535,33.326,,33.535,33.43,31.0135,31.064,30.659,31.268,31.472,31.778,32.188,31.064,31.166,31.37,31.574,31.88,31.574,31.574,31.472,31.268,32.497,31.983,31.778,31.676,31.574,31.064,30.963
390,7/21/17,33.43,33.222,,33.535,33.326,30.811,30.963,30.558,31.268,31.37,31.778,32.188,31.064,31.166,31.472,31.574,31.778,31.574,31.574,31.472,31.268,32.497,31.983,31.778,31.676,31.574,30.862,30.76
392,7/21/17,33.326,33.222,,33.43,33.118,30.558,30.862,30.457,31.268,31.268,31.676,32.291,31.064,31.166,31.472,31.574,31.778,31.574,31.472,31.37,31.166,32.6,31.983,31.778,31.778,31.574,30.558,30.558
394,7/21/17,33.118,33.014,,33.326,33.014,30.356,30.76,30.356,31.268,31.166,31.676,32.291,31.064,31.268,31.472,31.676,31.676,31.472,31.472,31.268,31.064,32.6,31.983,31.778,31.778,31.574,30.356,30.356
396,7/21/17,33.014,32.911,,33.222,32.911,30.2045,30.659,30.356,31.166,31.064,31.574,32.291,31.064,31.268,31.472,31.676,31.574,31.37,31.37,31.166,30.963,32.6,32.086,31.778,31.778,31.676,30.255,30.154
398,7/21/17,32.911,32.807,,33.118,32.911,30.3055,30.558,30.255,31.064,31.064,31.472,32.291,31.064,31.268,31.472,31.676,31.472,31.268,31.268,31.166,30.963,32.6,32.086,31.778,31.778,31.676,30.356,30.255
400,7/21/17,33.014,32.807,,33.118,33.118,30.7095,30.76,30.356,31.064,31.064,31.472,32.291,31.064,31.268,31.472,31.676,31.472,31.268,31.268,31.268,31.064,32.6,32.086,31.778,31.778,31.676,30.76,30.659
402,7/21/17,33.326,33.014,,33.326,33.639,31.472,31.166,30.558,31.166,31.268,31.574,32.291,31.064,31.268,31.472,31.676,31.676,31.472,31.37,31.472,31.268,32.6,31.983,31.778,31.778,31.676,31.472,31.472
404,7/21/17,33.743,33.326,,33.639,33.953,32.0345,31.574,30.659,31.268,31.574,31.778,32.291,31.064,31.268,31.472,31.676,31.983,31.676,31.574,31.676,31.472,32.704,32.086,31.778,31.778,31.676,31.983,32.086
406,7/21/17,34.058,33.639,,33.953,34.058,32.137,31.778,30.76,31.472,31.778,31.983,32.291,31.064,31.268,31.472,31.676,32.188,31.88,31.778,31.88,31.574,32.6,32.086,31.88,31.778,31.676,32.086,32.188
408,7/21/17,34.163,33.848,,34.163,34.058,32.0345,31.778,30.862,31.574,31.88,32.086,32.291,31.166,31.268,31.574,31.676,32.291,31.983,31.88,31.88,31.574,32.704,32.086,31.88,31.778,31.676,31.983,32.086
410,7/22/17,,33.848,,,,31.676,,30.76,31.676,31.88,32.086,32.291,31.166,31.268,31.574,31.778,32.291,31.983,31.983,31.778,31.574,32.704,32.086,31.88,31.88,31.778,31.676,31.676
412,7/22/17,,33.743,,,,31.37,,30.659,31.574,31.778,32.086,32.394,31.166,31.37,31.574,31.778,32.291,31.983,31.983,31.778,31.472,32.807,32.188,31.88,31.88,31.778,31.37,31.37
414,7/22/17,,33.639,,,,31.064,,30.558,31.574,31.574,31.983,32.394,31.268,31.37,31.676,31.778,32.188,31.88,31.88,31.574,31.37,32.807,32.188,31.983,31.88,31.778,31.064,31.064
416,7/22/17,,33.43,,,,30.659,,30.457,31.472,31.472,31.88,32.394,31.268,31.37,31.676,31.88,31.983,31.778,31.778,31.472,31.268,32.807,32.291,31.983,31.983,31.778,30.659,30.659
418,7/22/17,,33.222,,,,30.356,,30.356,31.37,31.268,31.778,32.394,31.268,31.472,31.676,31.88,31.88,31.676,31.574,31.37,31.064,32.911,32.291,31.983,31.983,31.88,30.356,30.356
420,7/22/17,,33.014,,,,30.154,,30.255,31.268,31.166,31.676,32.394,31.268,31.472,31.676,31.88,31.676,31.574,31.472,31.268,30.963,32.911,32.291,31.983,31.983,31.88,30.154,30.154
422,7/22/17,,32.911,,,,30.255,,30.255,31.166,31.064,31.574,32.394,31.268,31.472,31.676,31.88,31.676,31.472,31.37,31.268,30.963,32.911,32.291,31.983,31.983,31.88,30.255,30.255
424,7/22/17,,32.911,,,,30.7095,,30.356,31.166,31.166,31.574,32.394,31.268,31.37,31.676,31.88,31.676,31.472,31.37,31.37,31.064,32.911,32.291,31.983,31.983,31.778,30.76,30.659
426,7/22/17,,33.014,,,,31.472,,30.558,31.268,31.37,31.676,32.394,31.268,31.37,31.676,31.88,31.88,31.574,31.472,31.574,31.268,32.807,32.291,31.983,31.88,31.88,31.472,31.472
428,7/22/17,,33.43,,,,32.0855,,30.76,31.472,31.676,31.88,32.394,31.268,31.37,31.676,31.88,32.086,31.778,31.676,31.88,31.472,32.807,32.188,31.983,31.88,31.778,31.983,32.188
430,7/22/17,,33.848,,,,32.394,,30.963,31.676,31.983,32.188,32.394,31.268,31.37,31.676,31.88,32.394,31.983,31.983,32.086,31.676,32.807,32.188,31.983,31.88,31.778,32.291,32.497
432,7/22/17,,34.163,,,,32.497,,31.064,31.88,32.188,32.394,32.394,31.268,31.472,31.676,31.88,32.704,32.188,32.188,32.291,31.88,32.807,32.291,31.983,31.983,31.88,32.394,32.6
434,7/23/17,,34.374,,,,32.394,,31.166,32.086,32.291,,,31.268,31.472,31.676,31.88,32.807,32.394,32.291,32.291,31.983,32.911,32.291,32.086,31.983,31.88,32.291,32.497
436,7/23/17,,34.479,,,,32.137,,31.166,32.086,32.291,,,31.37,31.472,31.778,31.983,32.807,32.394,32.394,32.291,31.983,32.911,32.394,32.086,31.983,31.983,32.086,32.188
438,7/23/17,,34.374,,,,31.829,,31.064,32.188,32.188,,,31.37,31.574,31.778,32.086,32.807,32.394,32.394,32.291,31.88,33.014,32.394,32.188,32.086,31.983,31.778,31.88
440,7/23/17,,34.268,,,,31.523,,30.963,32.086,32.086,,,31.472,31.574,31.88,32.086,32.704,32.394,32.291,32.188,31.88,33.014,32.497,32.188,32.086,32.086,31.472,31.574
442,7/23/17,,34.163,,,,31.268,,30.963,32.086,32.086,,,31.472,31.676,31.88,32.086,32.6,32.291,32.291,32.086,31.676,33.118,32.497,32.188,32.188,32.086,31.268,31.268
444,7/23/17,,33.953,,,,31.064,,30.862,31.983,31.88,,,31.472,31.676,31.983,32.188,32.497,32.188,32.188,31.983,31.676,33.222,32.497,32.291,32.188,32.086,31.064,31.064
446,7/23/17,,33.848,,,,31.166,,30.862,31.88,31.88,,,31.472,31.676,31.983,32.188,32.394,32.086,32.086,31.983,31.676,33.222,32.6,32.291,32.188,32.188,31.166,31.166
448,7/23/17,,33.848,,,,31.421,,30.963,31.88,31.983,,,31.472,31.676,31.983,32.188,32.497,32.086,32.086,32.086,31.676,33.222,32.6,32.291,32.188,32.188,31.37,31.472
450,7/23/17,,33.953,,,,31.829,,31.064,31.983,32.188,,,31.472,31.676,31.983,32.188,32.6,32.188,32.188,32.291,31.778,33.222,32.6,32.291,32.291,32.188,31.778,31.88
452,7/23/17,,34.163,,,,32.137,,31.166,32.086,32.394,,,31.574,31.778,31.983,32.188,32.807,32.394,32.394,32.394,31.88,33.222,32.6,32.291,32.291,32.188,32.086,32.188
454,7/23/17,,34.268,,,,32.0855,,31.268,32.188,32.497,,,31.574,31.778,32.086,32.291,32.911,32.497,32.497,32.394,31.983,33.326,32.6,32.291,32.291,32.188,31.983,32.188
456,7/23/17,,34.268,,,,31.8805,,31.166,32.291,32.497,,,31.574,31.778,32.086,32.291,32.911,32.497,32.497,32.394,31.983,33.326,32.704,32.394,32.291,32.188,31.778,31.983
458,7/24/17,,,,,,31.574,,31.166,32.291,,,,,31.778,,,,32.497,,,,,32.704,32.394,32.394,32.291,31.472,31.676
460,7/24/17,,,,,,31.268,,31.064,32.188,,,,,31.88,,,,32.394,,,,,32.704,32.394,32.394,32.291,31.166,31.37
462,7/24/17,,,,,,30.963,,30.963,32.086,,,,,31.88,,,,32.291,,,,,32.807,32.497,32.394,32.291,30.862,31.064
464,7/24/17,,,,,,30.659,,30.862,31.983,,,,,31.88,,,,32.188,,,,,32.807,32.497,32.394,32.291,30.558,30.76
466,7/24/17,,,,,,30.356,,30.659,31.88,,,,,31.88,,,,32.086,,,,,32.807,32.497,32.394,32.291,30.255,30.457
468,7/24/17,,,,,,30.104,,30.659,31.778,,,,,31.88,,,,31.983,,,,,32.807,32.497,32.394,32.291,30.054,30.154
470,7/24/17,,,,,,30.255,,30.558,31.676,,,,,31.88,,,,31.88,,,,,32.807,32.497,32.394,32.291,30.255,30.255
472,7/24/17,,,,,,30.7095,,30.659,31.676,,,,,31.88,,,,31.88,,,,,32.704,32.394,32.394,32.291,30.659,30.76
474,7/24/17,,,,,,31.472,,30.862,31.778,,,,,31.88,,,,31.983,,,,,32.704,32.394,32.291,32.291,31.472,31.472
476,7/24/17,,,,,,32.911,,31.064,32.086,,,,,31.88,,,,32.188,,,,,32.704,32.394,32.291,32.188,33.118,32.704
478,7/24/17,,,,,,32.5485,,31.064,32.188,,,,,31.778,,,,32.291,,,,,32.704,32.394,32.291,32.188,32.6,32.497
480,7/24/17,,,,,,32.086,,30.963,32.188,,,,,31.778,,,,32.291,,,,,32.704,32.394,32.291,32.188,32.086,32.086
482,7/25/17,,,,,,,,,32.188,,,,,,,,,,,,,,,,,,31.676,31.676
484,7/25/17,,,,,,,,,32.086,,,,,,,,,,,,,,,,,,31.268,31.268
486,7/25/17,,,,,,,,,32.086,,,,,,,,,,,,,,,,,,30.862,30.862
488,7/25/17,,,,,,,,,31.983,,,,,,,,,,,,,,,,,,30.558,30.558
490,7/25/17,,,,,,,,,31.88,,,,,,,,,,,,,,,,,,30.255,30.255
492,7/25/17,,,,,,,,,31.778,,,,,,,,,,,,,,,,,,30.054,29.953
494,7/25/17,,,,,,,,,31.676,,,,,,,,,,,,,,,,,,30.154,30.054
496,7/25/17,,,,,,,,,31.676,,,,,,,,,,,,,,,,,,30.659,30.659
498,7/25/17,,,,,,,,,31.778,,,,,,,,,,,,,,,,,,31.268,31.268
500,7/25/17,,,,,,,,,31.983,,,,,,,,,,,,,,,,,,31.778,31.88
502,7/25/17,,,,,,,,,32.188,,,,,,,,,,,,,,,,,,32.086,32.188
504,7/25/17,,,,,,,,,32.291,,,,,,,,,,,,,,,,,,32.188,32.188
506,7/26/17,,,,,,,,,32.497,,,,,,,,,,,,,,,,,,32.086,32.086
508,7/26/17,,,,,,,,,32.6,,,,,,,,,,,,,,,,,,31.88,31.983
510,7/26/17,,,,,,,,,32.6,,,,,,,,,,,,,,,,,,31.574,31.676
512,7/26/17,,,,,,,,,32.6,,,,,,,,,,,,,,,,,,31.37,31.37
514,7/26/17,,,,,,,,,32.497,,,,,,,,,,,,,,,,,,31.064,31.064
516,7/26/17,,,,,,,,,32.497,,,,,,,,,,,,,,,,,,30.862,30.862
518,7/26/17,,,,,,,,,32.394,,,,,,,,,,,,,,,,,,31.064,31.064
520,7/26/17,,,,,,,,,32.497,,,,,,,,,,,,,,,,,,31.574,31.574
522,7/26/17,,,,,,,,,32.6,,,,,,,,,,,,,,,,,,32.188,32.188
524,7/26/17,,,,,,,,,32.807,,,,,,,,,,,,,,,,,,32.6,32.704
526,7/26/17,,,,,,,,,33.014,,,,,,,,,,,,,,,,,,32.911,32.911
528,7/26/17,,,,,,,,,33.222,,,,,,,,,,,,,,,,,,32.911,33.014
530,7/27/17,,,,,,,,,33.326,,,,,,,,,,,,,,,,,,32.704,32.807
532,7/27/17,,,,,,,,,33.43,,,,,,,,,,,,,,,,,,32.497,32.497
534,7/27/17,,,,,,,,,33.43,,,,,,,,,,,,,,,,,,32.188,32.188
536,7/27/17,,,,,,,,,33.326,,,,,,,,,,,,,,,,,,31.88,31.778
538,7/27/17,,,,,,,,,33.326,,,,,,,,,,,,,,,,,,31.574,31.574
540,7/27/17,,,,,,,,,33.222,,,,,,,,,,,,,,,,,,31.37,31.268
542,7/27/17,,,,,,,,,33.118,,,,,,,,,,,,,,,,,,31.574,31.472
544,7/27/17,,,,,,,,,33.118,,,,,,,,,,,,,,,,,,32.291,32.188
546,7/27/17,,,,,,,,,33.222,,,,,,,,,,,,,,,,,,33.222,33.118
548,7/27/17,,,,,,,,,33.535,,,,,,,,,,,,,,,,,,33.953,34.058
550,7/27/17,,,,,,,,,33.848,,,,,,,,,,,,,,,,,,34.479,34.585
552,7/27/17,,,,,,,,,34.163,,,,,,,,,,,,,,,,,,34.585,34.691